{"cameraMode":{"drawMode":0,"name":"Shaded","section":"Shading Mode"},"sceneLighting":true,"audioPlay":false,"sceneViewState":{"m_AlwaysRefresh":false,"showFog":true,"showSkybox":true,"showFlares":true,"showImageEffects":true,"showParticleSystems":true,"showVisualEffectGraphs":true,"m_FxEnabled":true},"in2DMode":false,"pivot":{"x":-0.1148875504732132,"y":-0.017688870429992677,"z":-0.008513450622558594},"rotation":{"x":0.19609710574150086,"y":-0.01470812689512968,"z":0.00294179143384099,"w":0.9804718494415283},"size":1.5949363708496094,"orthographic":false}